,cluster_id,source,prev_cluster_id,target,weight
0,0,Агроном,0.0,Агроном,38
1,0,Агроном,1.0,Начальник технического отдела,1
2,0,Агроном,2.0, зам. директора,4
3,0,Агроном,3.0,Разнорабочий,7
4,0,Агроном,4.0,Механик,1
5,0,Агроном,6.0,Управляющий,3
6,0,Агроном,7.0,главный агроном,8
7,0,Агроном,10.0,Директор,5
8,0,Агроном,12.0,Заведующий,2
9,0,Агроном,13.0,Менеджер по продажам,7
10,0,Агроном,14.0,Продавец-консультант,1
11,0,Агроном,15.0,Начальник автохозяйства,3
12,0,Агроном,17.0,Гл.Агроном,2
13,0,Агроном,18.0,Сервисный инженер,1
14,0,Агроном,20.0,Руководитель ,3
15,0,Агроном,22.0,торговый представитель,3
16,0,Агроном,23.0,Агроном консультант - менеджер ,2
17,0,Агроном,27.0,Технолог,3
18,0,Агроном,28.0, с 24.12.19 - Инженер по эксплуатации транспорта,1
19,0,Агроном,30.0,главный специалист государственного технического надзора,4
20,0,Агроном,31.0,Начальник участка,4
21,0,Агроном,34.0,Мастер ПО,1
22,0,Агроном,35.0,старший лаборант,8
23,0,Агроном,37.0,Специалист по ТО,5
24,0,Агроном,39.0,Рабочий,1
25,0,Агроном,40.0,Техник-проотборщик,2
26,0,Агроном,42.0,Старший научный сотрудник,4
27,0,Агроном,45.0,Инженер-механик,1
28,0,Агроном,47.0,Агроном по защите растений,2
29,0,Агроном,48.0,Начальник цеха,2
30,0,Агроном,49.0,Бригадир,3
31,1,Начальник технического отдела,0.0,Агроном,2
32,1,Начальник технического отдела,1.0,Начальник технического отдела,17
33,1,Начальник технического отдела,2.0, зам. директора,6
34,1,Начальник технического отдела,3.0,Разнорабочий,4
35,1,Начальник технического отдела,4.0,Механик,6
36,1,Начальник технического отдела,5.0,Ветеринарный врач,9
37,1,Начальник технического отдела,6.0,Управляющий,3
38,1,Начальник технического отдела,7.0,главный агроном,3
39,1,Начальник технического отдела,8.0,Наладчик оборудования цеха розлива-Механик цеха-Главный инженер,1
40,1,Начальник технического отдела,10.0,Директор,4
41,1,Начальник технического отдела,11.0, главный инженер,5
42,1,Начальник технического отдела,12.0,Заведующий,1
43,1,Начальник технического отдела,13.0,Менеджер по продажам,4
44,1,Начальник технического отдела,15.0,Начальник автохозяйства,3
45,1,Начальник технического отдела,17.0,Гл.Агроном,2
46,1,Начальник технического отдела,20.0,Руководитель ,4
47,1,Начальник технического отдела,22.0,торговый представитель,1
48,1,Начальник технического отдела,23.0,Агроном консультант - менеджер ,1
49,1,Начальник технического отдела,24.0,Оператор с ПУ,1
50,1,Начальник технического отдела,25.0,Механизатор,1
51,1,Начальник технического отдела,28.0, с 24.12.19 - Инженер по эксплуатации транспорта,2
52,1,Начальник технического отдела,29.0,Механик по ремонту основного и вспомогательного  технологического оборудования,2
53,1,Начальник технического отдела,30.0,главный специалист государственного технического надзора,5
54,1,Начальник технического отдела,31.0,Начальник участка,1
55,1,Начальник технического отдела,32.0,Зоотехник,1
56,1,Начальник технического отдела,35.0,старший лаборант,4
57,1,Начальник технического отдела,37.0,Специалист по ТО,5
58,1,Начальник технического отдела,38.0,Мастер участка,1
59,1,Начальник технического отдела,40.0,Техник-проотборщик,1
60,1,Начальник технического отдела,41.0,Электрик,1
61,1,Начальник технического отдела,42.0,Старший научный сотрудник,1
62,1,Начальник технического отдела,43.0,кладовщик,1
63,1,Начальник технического отдела,45.0,Инженер-механик,3
64,1,Начальник технического отдела,47.0,Агроном по защите растений,1
65,1,Начальник технического отдела,48.0,Начальник цеха,1
66,1,Начальник технического отдела,49.0,Бригадир,2
67,2, зам. директора,0.0,Агроном,4
68,2, зам. директора,1.0,Начальник технического отдела,5
69,2, зам. директора,2.0, зам. директора,17
70,2, зам. директора,3.0,Разнорабочий,3
71,2, зам. директора,4.0,Механик,1
72,2, зам. директора,5.0,Ветеринарный врач,2
73,2, зам. директора,7.0,главный агроном,15
74,2, зам. директора,8.0,Наладчик оборудования цеха розлива-Механик цеха-Главный инженер,1
75,2, зам. директора,10.0,Директор,10
76,2, зам. директора,11.0, главный инженер,3
77,2, зам. директора,12.0,Заведующий,2
78,2, зам. директора,13.0,Менеджер по продажам,3
79,2, зам. директора,15.0,Начальник автохозяйства,1
80,2, зам. директора,16.0,Главный технолог,3
81,2, зам. директора,17.0,Гл.Агроном,4
82,2, зам. директора,20.0,Руководитель ,9
83,2, зам. директора,23.0,Агроном консультант - менеджер ,2
84,2, зам. директора,26.0, начальник пищевого производства,2
85,2, зам. директора,27.0,Технолог,1
86,2, зам. директора,28.0, с 24.12.19 - Инженер по эксплуатации транспорта,2
87,2, зам. директора,30.0,главный специалист государственного технического надзора,3
88,2, зам. директора,31.0,Начальник участка,1
89,2, зам. директора,32.0,Зоотехник,2
90,2, зам. директора,35.0,старший лаборант,1
91,2, зам. директора,36.0,Водитель,1
92,2, зам. директора,37.0,Специалист по ТО,1
93,2, зам. директора,38.0,Мастер участка,1
94,2, зам. директора,42.0,Старший научный сотрудник,3
95,2, зам. директора,45.0,Инженер-механик,2
96,2, зам. директора,48.0,Начальник цеха,1
97,3,Разнорабочий,0.0,Агроном,2
98,3,Разнорабочий,1.0,Начальник технического отдела,5
99,3,Разнорабочий,3.0,Разнорабочий,68
100,3,Разнорабочий,4.0,Механик,9
101,3,Разнорабочий,5.0,Ветеринарный врач,15
102,3,Разнорабочий,6.0,Управляющий,3
103,3,Разнорабочий,7.0,главный агроном,2
104,3,Разнорабочий,8.0,Наладчик оборудования цеха розлива-Механик цеха-Главный инженер,4
105,3,Разнорабочий,9.0,Водитель-экспедитор,3
106,3,Разнорабочий,10.0,Директор,1
107,3,Разнорабочий,11.0, главный инженер,2
108,3,Разнорабочий,12.0,Заведующий,1
109,3,Разнорабочий,13.0,Менеджер по продажам,1
110,3,Разнорабочий,14.0,Продавец-консультант,6
111,3,Разнорабочий,15.0,Начальник автохозяйства,2
112,3,Разнорабочий,16.0,Главный технолог,2
113,3,Разнорабочий,17.0,Гл.Агроном,1
114,3,Разнорабочий,18.0,Сервисный инженер,3
115,3,Разнорабочий,19.0,Тракторист-машинист,17
116,3,Разнорабочий,20.0,Руководитель ,3
117,3,Разнорабочий,21.0,Машинист автогрейдера 8 разряда,1
118,3,Разнорабочий,22.0,торговый представитель,2
119,3,Разнорабочий,23.0,Агроном консультант - менеджер ,1
120,3,Разнорабочий,24.0,Оператор с ПУ,10
121,3,Разнорабочий,25.0,Механизатор,3
122,3,Разнорабочий,26.0, начальник пищевого производства,2
123,3,Разнорабочий,27.0,Технолог,3
124,3,Разнорабочий,28.0, с 24.12.19 - Инженер по эксплуатации транспорта,6
125,3,Разнорабочий,29.0,Механик по ремонту основного и вспомогательного  технологического оборудования,4
126,3,Разнорабочий,30.0,главный специалист государственного технического надзора,5
127,3,Разнорабочий,31.0,Начальник участка,1
128,3,Разнорабочий,32.0,Зоотехник,6
129,3,Разнорабочий,33.0, монтажник-слаботочник,1
130,3,Разнорабочий,34.0,Мастер ПО,4
131,3,Разнорабочий,35.0,старший лаборант,12
132,3,Разнорабочий,36.0,Водитель,16
133,3,Разнорабочий,37.0,Специалист по ТО,8
134,3,Разнорабочий,38.0,Мастер участка,3
135,3,Разнорабочий,39.0,Рабочий,5
136,3,Разнорабочий,40.0,Техник-проотборщик,7
137,3,Разнорабочий,41.0,Электрик,1
138,3,Разнорабочий,42.0,Старший научный сотрудник,5
139,3,Разнорабочий,43.0,кладовщик,2
140,3,Разнорабочий,45.0,Инженер-механик,6
141,3,Разнорабочий,46.0,Машинист фронтального погрузчика,1
142,3,Разнорабочий,47.0,Агроном по защите растений,1
143,3,Разнорабочий,49.0,Бригадир,4
144,4,Механик,1.0,Начальник технического отдела,1
145,4,Механик,2.0, зам. директора,3
146,4,Механик,3.0,Разнорабочий,9
147,4,Механик,4.0,Механик,20
148,4,Механик,8.0,Наладчик оборудования цеха розлива-Механик цеха-Главный инженер,2
149,4,Механик,9.0,Водитель-экспедитор,2
150,4,Механик,10.0,Директор,2
151,4,Механик,11.0, главный инженер,7
152,4,Механик,12.0,Заведующий,1
153,4,Механик,13.0,Менеджер по продажам,2
154,4,Механик,14.0,Продавец-консультант,1
155,4,Механик,15.0,Начальник автохозяйства,4
156,4,Механик,16.0,Главный технолог,2
157,4,Механик,17.0,Гл.Агроном,1
158,4,Механик,18.0,Сервисный инженер,7
159,4,Механик,19.0,Тракторист-машинист,6
160,4,Механик,20.0,Руководитель ,1
161,4,Механик,21.0,Машинист автогрейдера 8 разряда,1
162,4,Механик,22.0,торговый представитель,2
163,4,Механик,23.0,Агроном консультант - менеджер ,1
164,4,Механик,24.0,Оператор с ПУ,2
165,4,Механик,28.0, с 24.12.19 - Инженер по эксплуатации транспорта,7
166,4,Механик,29.0,Механик по ремонту основного и вспомогательного  технологического оборудования,6
167,4,Механик,31.0,Начальник участка,1
168,4,Механик,34.0,Мастер ПО,1
169,4,Механик,35.0,старший лаборант,2
170,4,Механик,36.0,Водитель,8
171,4,Механик,37.0,Специалист по ТО,2
172,4,Механик,38.0,Мастер участка,3
173,4,Механик,39.0,Рабочий,1
174,4,Механик,40.0,Техник-проотборщик,1
175,4,Механик,42.0,Старший научный сотрудник,1
176,4,Механик,43.0,кладовщик,1
177,4,Механик,45.0,Инженер-механик,12
178,5,Ветеринарный врач,1.0,Начальник технического отдела,9
179,5,Ветеринарный врач,2.0, зам. директора,2
180,5,Ветеринарный врач,3.0,Разнорабочий,12
181,5,Ветеринарный врач,5.0,Ветеринарный врач,215
182,5,Ветеринарный врач,6.0,Управляющий,1
183,5,Ветеринарный врач,7.0,главный агроном,1
184,5,Ветеринарный врач,8.0,Наладчик оборудования цеха розлива-Механик цеха-Главный инженер,3
185,5,Ветеринарный врач,10.0,Директор,2
186,5,Ветеринарный врач,11.0, главный инженер,1
187,5,Ветеринарный врач,12.0,Заведующий,10
188,5,Ветеринарный врач,13.0,Менеджер по продажам,2
189,5,Ветеринарный врач,14.0,Продавец-консультант,4
190,5,Ветеринарный врач,15.0,Начальник автохозяйства,7
191,5,Ветеринарный врач,16.0,Главный технолог,2
192,5,Ветеринарный врач,17.0,Гл.Агроном,1
193,5,Ветеринарный врач,19.0,Тракторист-машинист,1
194,5,Ветеринарный врач,20.0,Руководитель ,2
195,5,Ветеринарный врач,23.0,Агроном консультант - менеджер ,5
196,5,Ветеринарный врач,24.0,Оператор с ПУ,1
197,5,Ветеринарный врач,26.0, начальник пищевого производства,1
198,5,Ветеринарный врач,27.0,Технолог,2
199,5,Ветеринарный врач,30.0,главный специалист государственного технического надзора,8
200,5,Ветеринарный врач,32.0,Зоотехник,5
201,5,Ветеринарный врач,33.0, монтажник-слаботочник,1
202,5,Ветеринарный врач,35.0,старший лаборант,7
203,5,Ветеринарный врач,36.0,Водитель,1
204,5,Ветеринарный врач,37.0,Специалист по ТО,6
205,5,Ветеринарный врач,40.0,Техник-проотборщик,1
206,5,Ветеринарный врач,42.0,Старший научный сотрудник,10
207,5,Ветеринарный врач,43.0,кладовщик,2
208,5,Ветеринарный врач,44.0,вет. врач,6
209,5,Ветеринарный врач,48.0,Начальник цеха,2
210,5,Ветеринарный врач,49.0,Бригадир,1
211,6,Управляющий,0.0,Агроном,3
212,6,Управляющий,1.0,Начальник технического отдела,1
213,6,Управляющий,2.0, зам. директора,4
214,6,Управляющий,3.0,Разнорабочий,1
215,6,Управляющий,5.0,Ветеринарный врач,2
216,6,Управляющий,6.0,Управляющий,7
217,6,Управляющий,7.0,главный агроном,6
218,6,Управляющий,10.0,Директор,4
219,6,Управляющий,11.0, главный инженер,2
220,6,Управляющий,12.0,Заведующий,2
221,6,Управляющий,13.0,Менеджер по продажам,1
222,6,Управляющий,17.0,Гл.Агроном,3
223,6,Управляющий,20.0,Руководитель ,1
224,6,Управляющий,22.0,торговый представитель,2
225,6,Управляющий,23.0,Агроном консультант - менеджер ,2
226,6,Управляющий,27.0,Технолог,2
227,6,Управляющий,28.0, с 24.12.19 - Инженер по эксплуатации транспорта,2
228,6,Управляющий,30.0,главный специалист государственного технического надзора,2
229,6,Управляющий,31.0,Начальник участка,2
230,6,Управляющий,32.0,Зоотехник,3
231,6,Управляющий,36.0,Водитель,1
232,6,Управляющий,37.0,Специалист по ТО,2
233,6,Управляющий,45.0,Инженер-механик,1
234,6,Управляющий,47.0,Агроном по защите растений,1
235,7,главный агроном,0.0,Агроном,19
236,7,главный агроном,1.0,Начальник технического отдела,2
237,7,главный агроном,2.0, зам. директора,6
238,7,главный агроном,5.0,Ветеринарный врач,3
239,7,главный агроном,6.0,Управляющий,1
240,7,главный агроном,7.0,главный агроном,32
241,7,главный агроном,10.0,Директор,6
242,7,главный агроном,12.0,Заведующий,3
243,7,главный агроном,13.0,Менеджер по продажам,5
244,7,главный агроном,15.0,Начальник автохозяйства,3
245,7,главный агроном,16.0,Главный технолог,2
246,7,главный агроном,20.0,Руководитель ,4
247,7,главный агроном,22.0,торговый представитель,1
248,7,главный агроном,23.0,Агроном консультант - менеджер ,2
249,7,главный агроном,27.0,Технолог,2
250,7,главный агроном,28.0, с 24.12.19 - Инженер по эксплуатации транспорта,4
251,7,главный агроном,29.0,Механик по ремонту основного и вспомогательного  технологического оборудования,1
252,7,главный агроном,30.0,главный специалист государственного технического надзора,1
253,7,главный агроном,31.0,Начальник участка,2
254,7,главный агроном,32.0,Зоотехник,8
255,7,главный агроном,35.0,старший лаборант,7
256,7,главный агроном,37.0,Специалист по ТО,2
257,7,главный агроном,38.0,Мастер участка,1
258,7,главный агроном,39.0,Рабочий,1
259,7,главный агроном,45.0,Инженер-механик,1
260,7,главный агроном,47.0,Агроном по защите растений,3
261,7,главный агроном,49.0,Бригадир,1
262,8,Наладчик оборудования цеха розлива-Механик цеха-Главный инженер,3.0,Разнорабочий,5
263,8,Наладчик оборудования цеха розлива-Механик цеха-Главный инженер,4.0,Механик,1
264,8,Наладчик оборудования цеха розлива-Механик цеха-Главный инженер,5.0,Ветеринарный врач,2
265,8,Наладчик оборудования цеха розлива-Механик цеха-Главный инженер,6.0,Управляющий,1
266,8,Наладчик оборудования цеха розлива-Механик цеха-Главный инженер,7.0,главный агроном,1
267,8,Наладчик оборудования цеха розлива-Механик цеха-Главный инженер,8.0,Наладчик оборудования цеха розлива-Механик цеха-Главный инженер,5
268,8,Наладчик оборудования цеха розлива-Механик цеха-Главный инженер,9.0,Водитель-экспедитор,1
269,8,Наладчик оборудования цеха розлива-Механик цеха-Главный инженер,11.0, главный инженер,1
270,8,Наладчик оборудования цеха розлива-Механик цеха-Главный инженер,13.0,Менеджер по продажам,1
271,8,Наладчик оборудования цеха розлива-Механик цеха-Главный инженер,15.0,Начальник автохозяйства,1
272,8,Наладчик оборудования цеха розлива-Механик цеха-Главный инженер,19.0,Тракторист-машинист,2
273,8,Наладчик оборудования цеха розлива-Механик цеха-Главный инженер,24.0,Оператор с ПУ,1
274,8,Наладчик оборудования цеха розлива-Механик цеха-Главный инженер,28.0, с 24.12.19 - Инженер по эксплуатации транспорта,2
275,8,Наладчик оборудования цеха розлива-Механик цеха-Главный инженер,29.0,Механик по ремонту основного и вспомогательного  технологического оборудования,1
276,8,Наладчик оборудования цеха розлива-Механик цеха-Главный инженер,32.0,Зоотехник,1
277,8,Наладчик оборудования цеха розлива-Механик цеха-Главный инженер,34.0,Мастер ПО,2
278,8,Наладчик оборудования цеха розлива-Механик цеха-Главный инженер,35.0,старший лаборант,1
279,8,Наладчик оборудования цеха розлива-Механик цеха-Главный инженер,37.0,Специалист по ТО,1
280,8,Наладчик оборудования цеха розлива-Механик цеха-Главный инженер,38.0,Мастер участка,2
281,8,Наладчик оборудования цеха розлива-Механик цеха-Главный инженер,40.0,Техник-проотборщик,1
282,8,Наладчик оборудования цеха розлива-Механик цеха-Главный инженер,45.0,Инженер-механик,4
283,8,Наладчик оборудования цеха розлива-Механик цеха-Главный инженер,49.0,Бригадир,1
284,9,Водитель-экспедитор,1.0,Начальник технического отдела,1
285,9,Водитель-экспедитор,3.0,Разнорабочий,4
286,9,Водитель-экспедитор,5.0,Ветеринарный врач,1
287,9,Водитель-экспедитор,8.0,Наладчик оборудования цеха розлива-Механик цеха-Главный инженер,2
288,9,Водитель-экспедитор,9.0,Водитель-экспедитор,3
289,9,Водитель-экспедитор,11.0, главный инженер,1
290,9,Водитель-экспедитор,12.0,Заведующий,1
291,9,Водитель-экспедитор,19.0,Тракторист-машинист,2
292,9,Водитель-экспедитор,24.0,Оператор с ПУ,1
293,9,Водитель-экспедитор,28.0, с 24.12.19 - Инженер по эксплуатации транспорта,1
294,9,Водитель-экспедитор,29.0,Механик по ремонту основного и вспомогательного  технологического оборудования,1
295,9,Водитель-экспедитор,34.0,Мастер ПО,1
296,9,Водитель-экспедитор,35.0,старший лаборант,1
297,9,Водитель-экспедитор,36.0,Водитель,6
298,9,Водитель-экспедитор,45.0,Инженер-механик,1
299,10,Директор,0.0,Агроном,3
300,10,Директор,1.0,Начальник технического отдела,2
301,10,Директор,2.0, зам. директора,15
302,10,Директор,3.0,Разнорабочий,4
303,10,Директор,5.0,Ветеринарный врач,4
304,10,Директор,6.0,Управляющий,3
305,10,Директор,7.0,главный агроном,10
306,10,Директор,10.0,Директор,21
307,10,Директор,11.0, главный инженер,6
308,10,Директор,12.0,Заведующий,1
309,10,Директор,13.0,Менеджер по продажам,3
310,10,Директор,15.0,Начальник автохозяйства,3
311,10,Директор,16.0,Главный технолог,1
312,10,Директор,17.0,Гл.Агроном,3
313,10,Директор,20.0,Руководитель ,4
314,10,Директор,21.0,Машинист автогрейдера 8 разряда,1
315,10,Директор,23.0,Агроном консультант - менеджер ,1
316,10,Директор,24.0,Оператор с ПУ,1
317,10,Директор,26.0, начальник пищевого производства,4
318,10,Директор,28.0, с 24.12.19 - Инженер по эксплуатации транспорта,3
319,10,Директор,30.0,главный специалист государственного технического надзора,2
320,10,Директор,32.0,Зоотехник,1
321,10,Директор,35.0,старший лаборант,1
322,10,Директор,36.0,Водитель,2
323,10,Директор,37.0,Специалист по ТО,1
324,10,Директор,38.0,Мастер участка,2
325,10,Директор,40.0,Техник-проотборщик,2
326,10,Директор,42.0,Старший научный сотрудник,2
327,10,Директор,45.0,Инженер-механик,2
328,10,Директор,48.0,Начальник цеха,3
329,10,Директор,49.0,Бригадир,1
330,11, главный инженер,1.0,Начальник технического отдела,4
331,11, главный инженер,2.0, зам. директора,7
332,11, главный инженер,3.0,Разнорабочий,1
333,11, главный инженер,4.0,Механик,6
334,11, главный инженер,5.0,Ветеринарный врач,1
335,11, главный инженер,6.0,Управляющий,1
336,11, главный инженер,10.0,Директор,2
337,11, главный инженер,11.0, главный инженер,18
338,11, главный инженер,12.0,Заведующий,2
339,11, главный инженер,13.0,Менеджер по продажам,2
340,11, главный инженер,15.0,Начальник автохозяйства,5
341,11, главный инженер,16.0,Главный технолог,2
342,11, главный инженер,18.0,Сервисный инженер,5
343,11, главный инженер,20.0,Руководитель ,1
344,11, главный инженер,22.0,торговый представитель,2
345,11, главный инженер,24.0,Оператор с ПУ,2
346,11, главный инженер,26.0, начальник пищевого производства,1
347,11, главный инженер,28.0, с 24.12.19 - Инженер по эксплуатации транспорта,2
348,11, главный инженер,29.0,Механик по ремонту основного и вспомогательного  технологического оборудования,6
349,11, главный инженер,30.0,главный специалист государственного технического надзора,2
350,11, главный инженер,31.0,Начальник участка,1
351,11, главный инженер,34.0,Мастер ПО,3
352,11, главный инженер,35.0,старший лаборант,1
353,11, главный инженер,36.0,Водитель,1
354,11, главный инженер,37.0,Специалист по ТО,1
355,11, главный инженер,38.0,Мастер участка,1
356,11, главный инженер,39.0,Рабочий,1
357,11, главный инженер,40.0,Техник-проотборщик,3
358,11, главный инженер,42.0,Старший научный сотрудник,1
359,11, главный инженер,45.0,Инженер-механик,9
360,11, главный инженер,48.0,Начальник цеха,1
361,11, главный инженер,49.0,Бригадир,1
362,12,Заведующий,0.0,Агроном,3
363,12,Заведующий,2.0, зам. директора,2
364,12,Заведующий,3.0,Разнорабочий,2
365,12,Заведующий,4.0,Механик,1
366,12,Заведующий,5.0,Ветеринарный врач,14
367,12,Заведующий,7.0,главный агроном,3
368,12,Заведующий,11.0, главный инженер,2
369,12,Заведующий,12.0,Заведующий,6
370,12,Заведующий,13.0,Менеджер по продажам,1
371,12,Заведующий,14.0,Продавец-консультант,1
372,12,Заведующий,15.0,Начальник автохозяйства,1
373,12,Заведующий,19.0,Тракторист-машинист,1
374,12,Заведующий,21.0,Машинист автогрейдера 8 разряда,1
375,12,Заведующий,23.0,Агроном консультант - менеджер ,1
376,12,Заведующий,27.0,Технолог,3
377,12,Заведующий,29.0,Механик по ремонту основного и вспомогательного  технологического оборудования,1
378,12,Заведующий,30.0,главный специалист государственного технического надзора,5
379,12,Заведующий,31.0,Начальник участка,1
380,12,Заведующий,32.0,Зоотехник,5
381,12,Заведующий,34.0,Мастер ПО,2
382,12,Заведующий,35.0,старший лаборант,1
383,12,Заведующий,36.0,Водитель,1
384,12,Заведующий,37.0,Специалист по ТО,1
385,12,Заведующий,39.0,Рабочий,1
386,12,Заведующий,40.0,Техник-проотборщик,3
387,12,Заведующий,42.0,Старший научный сотрудник,3
388,12,Заведующий,43.0,кладовщик,2
389,12,Заведующий,45.0,Инженер-механик,2
390,12,Заведующий,49.0,Бригадир,1
391,13,Менеджер по продажам,0.0,Агроном,3
392,13,Менеджер по продажам,1.0,Начальник технического отдела,7
393,13,Менеджер по продажам,2.0, зам. директора,3
394,13,Менеджер по продажам,3.0,Разнорабочий,7
395,13,Менеджер по продажам,4.0,Механик,2
396,13,Менеджер по продажам,5.0,Ветеринарный врач,4
397,13,Менеджер по продажам,6.0,Управляющий,2
398,13,Менеджер по продажам,7.0,главный агроном,6
399,13,Менеджер по продажам,8.0,Наладчик оборудования цеха розлива-Механик цеха-Главный инженер,1
400,13,Менеджер по продажам,10.0,Директор,4
401,13,Менеджер по продажам,11.0, главный инженер,1
402,13,Менеджер по продажам,12.0,Заведующий,3
403,13,Менеджер по продажам,13.0,Менеджер по продажам,16
404,13,Менеджер по продажам,14.0,Продавец-консультант,1
405,13,Менеджер по продажам,15.0,Начальник автохозяйства,2
406,13,Менеджер по продажам,16.0,Главный технолог,2
407,13,Менеджер по продажам,18.0,Сервисный инженер,1
408,13,Менеджер по продажам,19.0,Тракторист-машинист,1
409,13,Менеджер по продажам,20.0,Руководитель ,4
410,13,Менеджер по продажам,22.0,торговый представитель,3
411,13,Менеджер по продажам,23.0,Агроном консультант - менеджер ,3
412,13,Менеджер по продажам,24.0,Оператор с ПУ,2
413,13,Менеджер по продажам,26.0, начальник пищевого производства,2
414,13,Менеджер по продажам,27.0,Технолог,1
415,13,Менеджер по продажам,28.0, с 24.12.19 - Инженер по эксплуатации транспорта,2
416,13,Менеджер по продажам,30.0,главный специалист государственного технического надзора,3
417,13,Менеджер по продажам,32.0,Зоотехник,1
418,13,Менеджер по продажам,34.0,Мастер ПО,4
419,13,Менеджер по продажам,35.0,старший лаборант,5
420,13,Менеджер по продажам,37.0,Специалист по ТО,6
421,13,Менеджер по продажам,38.0,Мастер участка,1
422,13,Менеджер по продажам,39.0,Рабочий,3
423,13,Менеджер по продажам,40.0,Техник-проотборщик,1
424,13,Менеджер по продажам,42.0,Старший научный сотрудник,1
425,13,Менеджер по продажам,43.0,кладовщик,1
426,13,Менеджер по продажам,45.0,Инженер-механик,2
427,13,Менеджер по продажам,47.0,Агроном по защите растений,3
428,13,Менеджер по продажам,49.0,Бригадир,1
429,14,Продавец-консультант,0.0,Агроном,1
430,14,Продавец-консультант,1.0,Начальник технического отдела,1
431,14,Продавец-консультант,3.0,Разнорабочий,6
432,14,Продавец-консультант,5.0,Ветеринарный врач,3
433,14,Продавец-консультант,6.0,Управляющий,1
434,14,Продавец-консультант,13.0,Менеджер по продажам,5
435,14,Продавец-консультант,14.0,Продавец-консультант,2
436,14,Продавец-консультант,15.0,Начальник автохозяйства,2
437,14,Продавец-консультант,18.0,Сервисный инженер,1
438,14,Продавец-консультант,19.0,Тракторист-машинист,1
439,14,Продавец-консультант,23.0,Агроном консультант - менеджер ,2
440,14,Продавец-консультант,26.0, начальник пищевого производства,1
441,14,Продавец-консультант,32.0,Зоотехник,2
442,14,Продавец-консультант,34.0,Мастер ПО,1
443,14,Продавец-консультант,35.0,старший лаборант,4
444,14,Продавец-консультант,39.0,Рабочий,1
445,14,Продавец-консультант,43.0,кладовщик,3
446,14,Продавец-консультант,49.0,Бригадир,1
447,15,Начальник автохозяйства,0.0,Агроном,2
448,15,Начальник автохозяйства,1.0,Начальник технического отдела,3
449,15,Начальник автохозяйства,3.0,Разнорабочий,4
450,15,Начальник автохозяйства,4.0,Механик,4
451,15,Начальник автохозяйства,5.0,Ветеринарный врач,4
452,15,Начальник автохозяйства,6.0,Управляющий,1
453,15,Начальник автохозяйства,7.0,главный агроном,4
454,15,Начальник автохозяйства,8.0,Наладчик оборудования цеха розлива-Механик цеха-Главный инженер,2
455,15,Начальник автохозяйства,10.0,Директор,2
456,15,Начальник автохозяйства,11.0, главный инженер,4
457,15,Начальник автохозяйства,12.0,Заведующий,4
458,15,Начальник автохозяйства,13.0,Менеджер по продажам,3
459,15,Начальник автохозяйства,15.0,Начальник автохозяйства,6
460,15,Начальник автохозяйства,17.0,Гл.Агроном,1
461,15,Начальник автохозяйства,20.0,Руководитель ,1
462,15,Начальник автохозяйства,21.0,Машинист автогрейдера 8 разряда,1
463,15,Начальник автохозяйства,23.0,Агроном консультант - менеджер ,1
464,15,Начальник автохозяйства,24.0,Оператор с ПУ,1
465,15,Начальник автохозяйства,26.0, начальник пищевого производства,1
466,15,Начальник автохозяйства,27.0,Технолог,4
467,15,Начальник автохозяйства,28.0, с 24.12.19 - Инженер по эксплуатации транспорта,2
468,15,Начальник автохозяйства,30.0,главный специалист государственного технического надзора,1
469,15,Начальник автохозяйства,31.0,Начальник участка,2
470,15,Начальник автохозяйства,32.0,Зоотехник,4
471,15,Начальник автохозяйства,34.0,Мастер ПО,4
472,15,Начальник автохозяйства,35.0,старший лаборант,1
473,15,Начальник автохозяйства,36.0,Водитель,4
474,15,Начальник автохозяйства,37.0,Специалист по ТО,3
475,15,Начальник автохозяйства,40.0,Техник-проотборщик,1
476,15,Начальник автохозяйства,41.0,Электрик,1
477,15,Начальник автохозяйства,42.0,Старший научный сотрудник,2
478,15,Начальник автохозяйства,43.0,кладовщик,2
479,15,Начальник автохозяйства,45.0,Инженер-механик,2
480,15,Начальник автохозяйства,48.0,Начальник цеха,4
481,15,Начальник автохозяйства,49.0,Бригадир,4
482,16,Главный технолог,1.0,Начальник технического отдела,1
483,16,Главный технолог,2.0, зам. директора,2
484,16,Главный технолог,3.0,Разнорабочий,1
485,16,Главный технолог,4.0,Механик,2
486,16,Главный технолог,5.0,Ветеринарный врач,1
487,16,Главный технолог,7.0,главный агроном,1
488,16,Главный технолог,8.0,Наладчик оборудования цеха розлива-Механик цеха-Главный инженер,1
489,16,Главный технолог,10.0,Директор,1
490,16,Главный технолог,13.0,Менеджер по продажам,2
491,16,Главный технолог,15.0,Начальник автохозяйства,1
492,16,Главный технолог,16.0,Главный технолог,6
493,16,Главный технолог,20.0,Руководитель ,1
494,16,Главный технолог,26.0, начальник пищевого производства,3
495,16,Главный технолог,27.0,Технолог,2
496,16,Главный технолог,30.0,главный специалист государственного технического надзора,2
497,16,Главный технолог,31.0,Начальник участка,2
498,16,Главный технолог,32.0,Зоотехник,1
499,16,Главный технолог,35.0,старший лаборант,2
500,16,Главный технолог,41.0,Электрик,1
501,16,Главный технолог,45.0,Инженер-механик,3
502,16,Главный технолог,48.0,Начальник цеха,2
503,17,Гл.Агроном,0.0,Агроном,2
504,17,Гл.Агроном,1.0,Начальник технического отдела,1
505,17,Гл.Агроном,2.0, зам. директора,1
506,17,Гл.Агроном,3.0,Разнорабочий,1
507,17,Гл.Агроном,5.0,Ветеринарный врач,1
508,17,Гл.Агроном,6.0,Управляющий,1
509,17,Гл.Агроном,7.0,главный агроном,2
510,17,Гл.Агроном,9.0,Водитель-экспедитор,1
511,17,Гл.Агроном,10.0,Директор,1
512,17,Гл.Агроном,11.0, главный инженер,1
513,17,Гл.Агроном,12.0,Заведующий,1
514,17,Гл.Агроном,16.0,Главный технолог,2
515,17,Гл.Агроном,17.0,Гл.Агроном,4
516,17,Гл.Агроном,20.0,Руководитель ,1
517,17,Гл.Агроном,28.0, с 24.12.19 - Инженер по эксплуатации транспорта,2
518,17,Гл.Агроном,32.0,Зоотехник,2
519,17,Гл.Агроном,38.0,Мастер участка,1
520,17,Гл.Агроном,40.0,Техник-проотборщик,1
521,17,Гл.Агроном,45.0,Инженер-механик,1
522,17,Гл.Агроном,47.0,Агроном по защите растений,1
523,17,Гл.Агроном,49.0,Бригадир,1
524,18,Сервисный инженер,1.0,Начальник технического отдела,1
525,18,Сервисный инженер,2.0, зам. директора,1
526,18,Сервисный инженер,3.0,Разнорабочий,5
527,18,Сервисный инженер,4.0,Механик,5
528,18,Сервисный инженер,9.0,Водитель-экспедитор,1
529,18,Сервисный инженер,11.0, главный инженер,1
530,18,Сервисный инженер,12.0,Заведующий,1
531,18,Сервисный инженер,13.0,Менеджер по продажам,4
532,18,Сервисный инженер,15.0,Начальник автохозяйства,1
533,18,Сервисный инженер,17.0,Гл.Агроном,2
534,18,Сервисный инженер,18.0,Сервисный инженер,10
535,18,Сервисный инженер,20.0,Руководитель ,1
536,18,Сервисный инженер,21.0,Машинист автогрейдера 8 разряда,1
537,18,Сервисный инженер,24.0,Оператор с ПУ,1
538,18,Сервисный инженер,25.0,Механизатор,1
539,18,Сервисный инженер,29.0,Механик по ремонту основного и вспомогательного  технологического оборудования,2
540,18,Сервисный инженер,30.0,главный специалист государственного технического надзора,3
541,18,Сервисный инженер,31.0,Начальник участка,2
542,18,Сервисный инженер,40.0,Техник-проотборщик,2
543,18,Сервисный инженер,45.0,Инженер-механик,6
544,19,Тракторист-машинист,3.0,Разнорабочий,9
545,19,Тракторист-машинист,4.0,Механик,4
546,19,Тракторист-машинист,5.0,Ветеринарный врач,1
547,19,Тракторист-машинист,7.0,главный агроном,1
548,19,Тракторист-машинист,9.0,Водитель-экспедитор,1
549,19,Тракторист-машинист,10.0,Директор,1
550,19,Тракторист-машинист,11.0, главный инженер,1
551,19,Тракторист-машинист,13.0,Менеджер по продажам,2
552,19,Тракторист-машинист,19.0,Тракторист-машинист,35
553,19,Тракторист-машинист,21.0,Машинист автогрейдера 8 разряда,7
554,19,Тракторист-машинист,25.0,Механизатор,6
555,19,Тракторист-машинист,28.0, с 24.12.19 - Инженер по эксплуатации транспорта,2
556,19,Тракторист-машинист,30.0,главный специалист государственного технического надзора,1
557,19,Тракторист-машинист,33.0, монтажник-слаботочник,1
558,19,Тракторист-машинист,34.0,Мастер ПО,1
559,19,Тракторист-машинист,35.0,старший лаборант,1
560,19,Тракторист-машинист,36.0,Водитель,8
561,19,Тракторист-машинист,39.0,Рабочий,1
562,19,Тракторист-машинист,40.0,Техник-проотборщик,1
563,19,Тракторист-машинист,42.0,Старший научный сотрудник,1
564,19,Тракторист-машинист,43.0,кладовщик,1
565,19,Тракторист-машинист,46.0,Машинист фронтального погрузчика,4
566,20,Руководитель ,0.0,Агроном,5
567,20,Руководитель ,1.0,Начальник технического отдела,3
568,20,Руководитель ,2.0, зам. директора,6
569,20,Руководитель ,3.0,Разнорабочий,4
570,20,Руководитель ,5.0,Ветеринарный врач,4
571,20,Руководитель ,6.0,Управляющий,2
572,20,Руководитель ,7.0,главный агроном,5
573,20,Руководитель ,10.0,Директор,5
574,20,Руководитель ,11.0, главный инженер,3
575,20,Руководитель ,12.0,Заведующий,1
576,20,Руководитель ,13.0,Менеджер по продажам,5
577,20,Руководитель ,14.0,Продавец-консультант,2
578,20,Руководитель ,15.0,Начальник автохозяйства,3
579,20,Руководитель ,17.0,Гл.Агроном,1
580,20,Руководитель ,18.0,Сервисный инженер,1
581,20,Руководитель ,20.0,Руководитель ,3
582,20,Руководитель ,23.0,Агроном консультант - менеджер ,1
583,20,Руководитель ,24.0,Оператор с ПУ,1
584,20,Руководитель ,25.0,Механизатор,1
585,20,Руководитель ,26.0, начальник пищевого производства,2
586,20,Руководитель ,30.0,главный специалист государственного технического надзора,4
587,20,Руководитель ,31.0,Начальник участка,1
588,20,Руководитель ,32.0,Зоотехник,3
589,20,Руководитель ,34.0,Мастер ПО,2
590,20,Руководитель ,37.0,Специалист по ТО,2
591,20,Руководитель ,40.0,Техник-проотборщик,1
592,20,Руководитель ,42.0,Старший научный сотрудник,2
593,20,Руководитель ,45.0,Инженер-механик,2
594,20,Руководитель ,46.0,Машинист фронтального погрузчика,1
595,21,Машинист автогрейдера 8 разряда,3.0,Разнорабочий,3
596,21,Машинист автогрейдера 8 разряда,4.0,Механик,2
597,21,Машинист автогрейдера 8 разряда,13.0,Менеджер по продажам,1
598,21,Машинист автогрейдера 8 разряда,18.0,Сервисный инженер,1
599,21,Машинист автогрейдера 8 разряда,19.0,Тракторист-машинист,5
600,21,Машинист автогрейдера 8 разряда,21.0,Машинист автогрейдера 8 разряда,21
601,21,Машинист автогрейдера 8 разряда,25.0,Механизатор,1
602,21,Машинист автогрейдера 8 разряда,27.0,Технолог,2
603,21,Машинист автогрейдера 8 разряда,28.0, с 24.12.19 - Инженер по эксплуатации транспорта,1
604,21,Машинист автогрейдера 8 разряда,29.0,Механик по ремонту основного и вспомогательного  технологического оборудования,2
605,21,Машинист автогрейдера 8 разряда,32.0,Зоотехник,1
606,21,Машинист автогрейдера 8 разряда,35.0,старший лаборант,1
607,21,Машинист автогрейдера 8 разряда,36.0,Водитель,3
608,21,Машинист автогрейдера 8 разряда,39.0,Рабочий,2
609,21,Машинист автогрейдера 8 разряда,42.0,Старший научный сотрудник,1
610,21,Машинист автогрейдера 8 разряда,45.0,Инженер-механик,1
611,21,Машинист автогрейдера 8 разряда,46.0,Машинист фронтального погрузчика,1
612,21,Машинист автогрейдера 8 разряда,49.0,Бригадир,1
613,22,торговый представитель,0.0,Агроном,2
614,22,торговый представитель,1.0,Начальник технического отдела,1
615,22,торговый представитель,2.0, зам. директора,1
616,22,торговый представитель,3.0,Разнорабочий,1
617,22,торговый представитель,5.0,Ветеринарный врач,4
618,22,торговый представитель,6.0,Управляющий,1
619,22,торговый представитель,7.0,главный агроном,2
620,22,торговый представитель,8.0,Наладчик оборудования цеха розлива-Механик цеха-Главный инженер,1
621,22,торговый представитель,10.0,Директор,1
622,22,торговый представитель,13.0,Менеджер по продажам,1
623,22,торговый представитель,14.0,Продавец-консультант,2
624,22,торговый представитель,19.0,Тракторист-машинист,1
625,22,торговый представитель,20.0,Руководитель ,1
626,22,торговый представитель,21.0,Машинист автогрейдера 8 разряда,1
627,22,торговый представитель,22.0,торговый представитель,2
628,22,торговый представитель,23.0,Агроном консультант - менеджер ,1
629,22,торговый представитель,25.0,Механизатор,1
630,22,торговый представитель,28.0, с 24.12.19 - Инженер по эксплуатации транспорта,1
631,22,торговый представитель,30.0,главный специалист государственного технического надзора,1
632,22,торговый представитель,34.0,Мастер ПО,1
633,22,торговый представитель,36.0,Водитель,1
634,22,торговый представитель,37.0,Специалист по ТО,2
635,22,торговый представитель,39.0,Рабочий,1
636,22,торговый представитель,45.0,Инженер-механик,2
637,23,Агроном консультант - менеджер ,0.0,Агроном,2
638,23,Агроном консультант - менеджер ,1.0,Начальник технического отдела,4
639,23,Агроном консультант - менеджер ,2.0, зам. директора,2
640,23,Агроном консультант - менеджер ,3.0,Разнорабочий,4
641,23,Агроном консультант - менеджер ,4.0,Механик,1
642,23,Агроном консультант - менеджер ,5.0,Ветеринарный врач,5
643,23,Агроном консультант - менеджер ,7.0,главный агроном,1
644,23,Агроном консультант - менеджер ,9.0,Водитель-экспедитор,1
645,23,Агроном консультант - менеджер ,10.0,Директор,3
646,23,Агроном консультант - менеджер ,11.0, главный инженер,1
647,23,Агроном консультант - менеджер ,12.0,Заведующий,1
648,23,Агроном консультант - менеджер ,13.0,Менеджер по продажам,4
649,23,Агроном консультант - менеджер ,14.0,Продавец-консультант,1
650,23,Агроном консультант - менеджер ,15.0,Начальник автохозяйства,1
651,23,Агроном консультант - менеджер ,16.0,Главный технолог,1
652,23,Агроном консультант - менеджер ,20.0,Руководитель ,4
653,23,Агроном консультант - менеджер ,22.0,торговый представитель,1
654,23,Агроном консультант - менеджер ,23.0,Агроном консультант - менеджер ,10
655,23,Агроном консультант - менеджер ,24.0,Оператор с ПУ,2
656,23,Агроном консультант - менеджер ,27.0,Технолог,1
657,23,Агроном консультант - менеджер ,28.0, с 24.12.19 - Инженер по эксплуатации транспорта,1
658,23,Агроном консультант - менеджер ,29.0,Механик по ремонту основного и вспомогательного  технологического оборудования,1
659,23,Агроном консультант - менеджер ,30.0,главный специалист государственного технического надзора,2
660,23,Агроном консультант - менеджер ,35.0,старший лаборант,6
661,23,Агроном консультант - менеджер ,36.0,Водитель,1
662,23,Агроном консультант - менеджер ,37.0,Специалист по ТО,1
663,23,Агроном консультант - менеджер ,39.0,Рабочий,2
664,23,Агроном консультант - менеджер ,40.0,Техник-проотборщик,1
665,23,Агроном консультант - менеджер ,42.0,Старший научный сотрудник,1
666,24,Оператор с ПУ,0.0,Агроном,1
667,24,Оператор с ПУ,3.0,Разнорабочий,9
668,24,Оператор с ПУ,4.0,Механик,4
669,24,Оператор с ПУ,5.0,Ветеринарный врач,2
670,24,Оператор с ПУ,12.0,Заведующий,1
671,24,Оператор с ПУ,13.0,Менеджер по продажам,1
672,24,Оператор с ПУ,14.0,Продавец-консультант,1
673,24,Оператор с ПУ,15.0,Начальник автохозяйства,2
674,24,Оператор с ПУ,16.0,Главный технолог,1
675,24,Оператор с ПУ,19.0,Тракторист-машинист,1
676,24,Оператор с ПУ,22.0,торговый представитель,3
677,24,Оператор с ПУ,23.0,Агроном консультант - менеджер ,3
678,24,Оператор с ПУ,24.0,Оператор с ПУ,10
679,24,Оператор с ПУ,26.0, начальник пищевого производства,1
680,24,Оператор с ПУ,27.0,Технолог,2
681,24,Оператор с ПУ,28.0, с 24.12.19 - Инженер по эксплуатации транспорта,2
682,24,Оператор с ПУ,29.0,Механик по ремонту основного и вспомогательного  технологического оборудования,1
683,24,Оператор с ПУ,33.0, монтажник-слаботочник,2
684,24,Оператор с ПУ,34.0,Мастер ПО,3
685,24,Оператор с ПУ,35.0,старший лаборант,4
686,24,Оператор с ПУ,36.0,Водитель,2
687,24,Оператор с ПУ,37.0,Специалист по ТО,2
688,24,Оператор с ПУ,39.0,Рабочий,1
689,24,Оператор с ПУ,40.0,Техник-проотборщик,3
690,24,Оператор с ПУ,41.0,Электрик,1
691,24,Оператор с ПУ,42.0,Старший научный сотрудник,1
692,24,Оператор с ПУ,43.0,кладовщик,2
693,24,Оператор с ПУ,45.0,Инженер-механик,2
694,24,Оператор с ПУ,48.0,Начальник цеха,2
695,24,Оператор с ПУ,49.0,Бригадир,1
696,25,Механизатор,2.0, зам. директора,1
697,25,Механизатор,3.0,Разнорабочий,1
698,25,Механизатор,4.0,Механик,1
699,25,Механизатор,9.0,Водитель-экспедитор,1
700,25,Механизатор,14.0,Продавец-консультант,1
701,25,Механизатор,19.0,Тракторист-машинист,4
702,25,Механизатор,25.0,Механизатор,11
703,25,Механизатор,46.0,Машинист фронтального погрузчика,2
704,26, начальник пищевого производства,0.0,Агроном,4
705,26, начальник пищевого производства,2.0, зам. директора,1
706,26, начальник пищевого производства,3.0,Разнорабочий,5
707,26, начальник пищевого производства,5.0,Ветеринарный врач,1
708,26, начальник пищевого производства,6.0,Управляющий,1
709,26, начальник пищевого производства,7.0,главный агроном,1
710,26, начальник пищевого производства,8.0,Наладчик оборудования цеха розлива-Механик цеха-Главный инженер,1
711,26, начальник пищевого производства,10.0,Директор,3
712,26, начальник пищевого производства,11.0, главный инженер,3
713,26, начальник пищевого производства,13.0,Менеджер по продажам,3
714,26, начальник пищевого производства,16.0,Главный технолог,3
715,26, начальник пищевого производства,20.0,Руководитель ,1
716,26, начальник пищевого производства,24.0,Оператор с ПУ,1
717,26, начальник пищевого производства,26.0, начальник пищевого производства,3
718,26, начальник пищевого производства,27.0,Технолог,3
719,26, начальник пищевого производства,28.0, с 24.12.19 - Инженер по эксплуатации транспорта,1
720,26, начальник пищевого производства,30.0,главный специалист государственного технического надзора,2
721,26, начальник пищевого производства,32.0,Зоотехник,1
722,26, начальник пищевого производства,34.0,Мастер ПО,1
723,26, начальник пищевого производства,35.0,старший лаборант,2
724,26, начальник пищевого производства,37.0,Специалист по ТО,2
725,26, начальник пищевого производства,38.0,Мастер участка,1
726,26, начальник пищевого производства,39.0,Рабочий,1
727,26, начальник пищевого производства,42.0,Старший научный сотрудник,3
728,26, начальник пищевого производства,45.0,Инженер-механик,1
729,26, начальник пищевого производства,47.0,Агроном по защите растений,1
730,27,Технолог,0.0,Агроном,3
731,27,Технолог,1.0,Начальник технического отдела,1
732,27,Технолог,2.0, зам. директора,1
733,27,Технолог,3.0,Разнорабочий,4
734,27,Технолог,4.0,Механик,3
735,27,Технолог,6.0,Управляющий,2
736,27,Технолог,7.0,главный агроном,3
737,27,Технолог,8.0,Наладчик оборудования цеха розлива-Механик цеха-Главный инженер,2
738,27,Технолог,10.0,Директор,1
739,27,Технолог,13.0,Менеджер по продажам,3
740,27,Технолог,15.0,Начальник автохозяйства,5
741,27,Технолог,16.0,Главный технолог,1
742,27,Технолог,17.0,Гл.Агроном,3
743,27,Технолог,21.0,Машинист автогрейдера 8 разряда,2
744,27,Технолог,23.0,Агроном консультант - менеджер ,1
745,27,Технолог,24.0,Оператор с ПУ,1
746,27,Технолог,26.0, начальник пищевого производства,2
747,27,Технолог,27.0,Технолог,7
748,27,Технолог,29.0,Механик по ремонту основного и вспомогательного  технологического оборудования,1
749,27,Технолог,30.0,главный специалист государственного технического надзора,4
750,27,Технолог,31.0,Начальник участка,1
751,27,Технолог,33.0, монтажник-слаботочник,1
752,27,Технолог,34.0,Мастер ПО,5
753,27,Технолог,35.0,старший лаборант,4
754,27,Технолог,36.0,Водитель,1
755,27,Технолог,38.0,Мастер участка,1
756,27,Технолог,39.0,Рабочий,1
757,27,Технолог,40.0,Техник-проотборщик,1
758,27,Технолог,41.0,Электрик,1
759,27,Технолог,42.0,Старший научный сотрудник,1
760,27,Технолог,45.0,Инженер-механик,2
761,27,Технолог,48.0,Начальник цеха,2
762,27,Технолог,49.0,Бригадир,1
763,28, с 24.12.19 - Инженер по эксплуатации транспорта,0.0,Агроном,4
764,28, с 24.12.19 - Инженер по эксплуатации транспорта,1.0,Начальник технического отдела,1
765,28, с 24.12.19 - Инженер по эксплуатации транспорта,2.0, зам. директора,1
766,28, с 24.12.19 - Инженер по эксплуатации транспорта,3.0,Разнорабочий,6
767,28, с 24.12.19 - Инженер по эксплуатации транспорта,4.0,Механик,5
768,28, с 24.12.19 - Инженер по эксплуатации транспорта,6.0,Управляющий,1
769,28, с 24.12.19 - Инженер по эксплуатации транспорта,7.0,главный агроном,3
770,28, с 24.12.19 - Инженер по эксплуатации транспорта,8.0,Наладчик оборудования цеха розлива-Механик цеха-Главный инженер,2
771,28, с 24.12.19 - Инженер по эксплуатации транспорта,9.0,Водитель-экспедитор,1
772,28, с 24.12.19 - Инженер по эксплуатации транспорта,11.0, главный инженер,4
773,28, с 24.12.19 - Инженер по эксплуатации транспорта,12.0,Заведующий,1
774,28, с 24.12.19 - Инженер по эксплуатации транспорта,13.0,Менеджер по продажам,2
775,28, с 24.12.19 - Инженер по эксплуатации транспорта,15.0,Начальник автохозяйства,1
776,28, с 24.12.19 - Инженер по эксплуатации транспорта,21.0,Машинист автогрейдера 8 разряда,3
777,28, с 24.12.19 - Инженер по эксплуатации транспорта,23.0,Агроном консультант - менеджер ,1
778,28, с 24.12.19 - Инженер по эксплуатации транспорта,24.0,Оператор с ПУ,2
779,28, с 24.12.19 - Инженер по эксплуатации транспорта,27.0,Технолог,1
780,28, с 24.12.19 - Инженер по эксплуатации транспорта,28.0, с 24.12.19 - Инженер по эксплуатации транспорта,5
781,28, с 24.12.19 - Инженер по эксплуатации транспорта,29.0,Механик по ремонту основного и вспомогательного  технологического оборудования,3
782,28, с 24.12.19 - Инженер по эксплуатации транспорта,30.0,главный специалист государственного технического надзора,3
783,28, с 24.12.19 - Инженер по эксплуатации транспорта,34.0,Мастер ПО,3
784,28, с 24.12.19 - Инженер по эксплуатации транспорта,35.0,старший лаборант,1
785,28, с 24.12.19 - Инженер по эксплуатации транспорта,36.0,Водитель,1
786,28, с 24.12.19 - Инженер по эксплуатации транспорта,37.0,Специалист по ТО,3
787,28, с 24.12.19 - Инженер по эксплуатации транспорта,38.0,Мастер участка,1
788,28, с 24.12.19 - Инженер по эксплуатации транспорта,39.0,Рабочий,1
789,28, с 24.12.19 - Инженер по эксплуатации транспорта,40.0,Техник-проотборщик,1
790,28, с 24.12.19 - Инженер по эксплуатации транспорта,45.0,Инженер-механик,2
791,28, с 24.12.19 - Инженер по эксплуатации транспорта,49.0,Бригадир,2
792,29,Механик по ремонту основного и вспомогательного  технологического оборудования,1.0,Начальник технического отдела,2
793,29,Механик по ремонту основного и вспомогательного  технологического оборудования,2.0, зам. директора,1
794,29,Механик по ремонту основного и вспомогательного  технологического оборудования,3.0,Разнорабочий,6
795,29,Механик по ремонту основного и вспомогательного  технологического оборудования,4.0,Механик,3
796,29,Механик по ремонту основного и вспомогательного  технологического оборудования,8.0,Наладчик оборудования цеха розлива-Механик цеха-Главный инженер,2
797,29,Механик по ремонту основного и вспомогательного  технологического оборудования,9.0,Водитель-экспедитор,1
798,29,Механик по ремонту основного и вспомогательного  технологического оборудования,10.0,Директор,1
799,29,Механик по ремонту основного и вспомогательного  технологического оборудования,11.0, главный инженер,4
800,29,Механик по ремонту основного и вспомогательного  технологического оборудования,13.0,Менеджер по продажам,1
801,29,Механик по ремонту основного и вспомогательного  технологического оборудования,14.0,Продавец-консультант,1
802,29,Механик по ремонту основного и вспомогательного  технологического оборудования,15.0,Начальник автохозяйства,2
803,29,Механик по ремонту основного и вспомогательного  технологического оборудования,18.0,Сервисный инженер,2
804,29,Механик по ремонту основного и вспомогательного  технологического оборудования,19.0,Тракторист-машинист,3
805,29,Механик по ремонту основного и вспомогательного  технологического оборудования,21.0,Машинист автогрейдера 8 разряда,1
806,29,Механик по ремонту основного и вспомогательного  технологического оборудования,24.0,Оператор с ПУ,2
807,29,Механик по ремонту основного и вспомогательного  технологического оборудования,25.0,Механизатор,1
808,29,Механик по ремонту основного и вспомогательного  технологического оборудования,28.0, с 24.12.19 - Инженер по эксплуатации транспорта,1
809,29,Механик по ремонту основного и вспомогательного  технологического оборудования,29.0,Механик по ремонту основного и вспомогательного  технологического оборудования,8
810,29,Механик по ремонту основного и вспомогательного  технологического оборудования,30.0,главный специалист государственного технического надзора,1
811,29,Механик по ремонту основного и вспомогательного  технологического оборудования,34.0,Мастер ПО,5
812,29,Механик по ремонту основного и вспомогательного  технологического оборудования,39.0,Рабочий,1
813,29,Механик по ремонту основного и вспомогательного  технологического оборудования,40.0,Техник-проотборщик,1
814,29,Механик по ремонту основного и вспомогательного  технологического оборудования,41.0,Электрик,1
815,29,Механик по ремонту основного и вспомогательного  технологического оборудования,45.0,Инженер-механик,6
816,30,главный специалист государственного технического надзора,0.0,Агроном,4
817,30,главный специалист государственного технического надзора,1.0,Начальник технического отдела,9
818,30,главный специалист государственного технического надзора,2.0, зам. директора,2
819,30,главный специалист государственного технического надзора,3.0,Разнорабочий,4
820,30,главный специалист государственного технического надзора,4.0,Механик,1
821,30,главный специалист государственного технического надзора,5.0,Ветеринарный врач,9
822,30,главный специалист государственного технического надзора,6.0,Управляющий,2
823,30,главный специалист государственного технического надзора,8.0,Наладчик оборудования цеха розлива-Механик цеха-Главный инженер,1
824,30,главный специалист государственного технического надзора,10.0,Директор,1
825,30,главный специалист государственного технического надзора,11.0, главный инженер,4
826,30,главный специалист государственного технического надзора,12.0,Заведующий,3
827,30,главный специалист государственного технического надзора,13.0,Менеджер по продажам,7
828,30,главный специалист государственного технического надзора,14.0,Продавец-консультант,2
829,30,главный специалист государственного технического надзора,15.0,Начальник автохозяйства,2
830,30,главный специалист государственного технического надзора,18.0,Сервисный инженер,2
831,30,главный специалист государственного технического надзора,20.0,Руководитель ,4
832,30,главный специалист государственного технического надзора,21.0,Машинист автогрейдера 8 разряда,2
833,30,главный специалист государственного технического надзора,22.0,торговый представитель,1
834,30,главный специалист государственного технического надзора,23.0,Агроном консультант - менеджер ,6
835,30,главный специалист государственного технического надзора,24.0,Оператор с ПУ,3
836,30,главный специалист государственного технического надзора,26.0, начальник пищевого производства,1
837,30,главный специалист государственного технического надзора,27.0,Технолог,3
838,30,главный специалист государственного технического надзора,28.0, с 24.12.19 - Инженер по эксплуатации транспорта,2
839,30,главный специалист государственного технического надзора,29.0,Механик по ремонту основного и вспомогательного  технологического оборудования,2
840,30,главный специалист государственного технического надзора,30.0,главный специалист государственного технического надзора,15
841,30,главный специалист государственного технического надзора,31.0,Начальник участка,1
842,30,главный специалист государственного технического надзора,32.0,Зоотехник,2
843,30,главный специалист государственного технического надзора,34.0,Мастер ПО,1
844,30,главный специалист государственного технического надзора,35.0,старший лаборант,3
845,30,главный специалист государственного технического надзора,36.0,Водитель,1
846,30,главный специалист государственного технического надзора,37.0,Специалист по ТО,6
847,30,главный специалист государственного технического надзора,38.0,Мастер участка,1
848,30,главный специалист государственного технического надзора,39.0,Рабочий,1
849,30,главный специалист государственного технического надзора,40.0,Техник-проотборщик,2
850,30,главный специалист государственного технического надзора,41.0,Электрик,1
851,30,главный специалист государственного технического надзора,42.0,Старший научный сотрудник,5
852,30,главный специалист государственного технического надзора,45.0,Инженер-механик,4
853,30,главный специалист государственного технического надзора,49.0,Бригадир,3
854,31,Начальник участка,0.0,Агроном,3
855,31,Начальник участка,2.0, зам. директора,2
856,31,Начальник участка,3.0,Разнорабочий,2
857,31,Начальник участка,4.0,Механик,3
858,31,Начальник участка,5.0,Ветеринарный врач,1
859,31,Начальник участка,6.0,Управляющий,2
860,31,Начальник участка,7.0,главный агроном,1
861,31,Начальник участка,9.0,Водитель-экспедитор,1
862,31,Начальник участка,11.0, главный инженер,1
863,31,Начальник участка,12.0,Заведующий,1
864,31,Начальник участка,13.0,Менеджер по продажам,1
865,31,Начальник участка,15.0,Начальник автохозяйства,3
866,31,Начальник участка,17.0,Гл.Агроном,1
867,31,Начальник участка,19.0,Тракторист-машинист,1
868,31,Начальник участка,21.0,Машинист автогрейдера 8 разряда,2
869,31,Начальник участка,27.0,Технолог,1
870,31,Начальник участка,28.0, с 24.12.19 - Инженер по эксплуатации транспорта,2
871,31,Начальник участка,29.0,Механик по ремонту основного и вспомогательного  технологического оборудования,1
872,31,Начальник участка,30.0,главный специалист государственного технического надзора,2
873,31,Начальник участка,31.0,Начальник участка,2
874,31,Начальник участка,34.0,Мастер ПО,2
875,31,Начальник участка,36.0,Водитель,2
876,31,Начальник участка,37.0,Специалист по ТО,2
877,31,Начальник участка,40.0,Техник-проотборщик,1
878,31,Начальник участка,45.0,Инженер-механик,4
879,31,Начальник участка,48.0,Начальник цеха,1
880,31,Начальник участка,49.0,Бригадир,1
881,32,Зоотехник,2.0, зам. директора,1
882,32,Зоотехник,3.0,Разнорабочий,1
883,32,Зоотехник,5.0,Ветеринарный врач,5
884,32,Зоотехник,6.0,Управляющий,1
885,32,Зоотехник,7.0,главный агроном,4
886,32,Зоотехник,8.0,Наладчик оборудования цеха розлива-Механик цеха-Главный инженер,2
887,32,Зоотехник,12.0,Заведующий,5
888,32,Зоотехник,13.0,Менеджер по продажам,2
889,32,Зоотехник,14.0,Продавец-консультант,2
890,32,Зоотехник,15.0,Начальник автохозяйства,3
891,32,Зоотехник,16.0,Главный технолог,2
892,32,Зоотехник,17.0,Гл.Агроном,1
893,32,Зоотехник,20.0,Руководитель ,1
894,32,Зоотехник,23.0,Агроном консультант - менеджер ,2
895,32,Зоотехник,24.0,Оператор с ПУ,1
896,32,Зоотехник,27.0,Технолог,1
897,32,Зоотехник,28.0, с 24.12.19 - Инженер по эксплуатации транспорта,1
898,32,Зоотехник,30.0,главный специалист государственного технического надзора,3
899,32,Зоотехник,31.0,Начальник участка,1
900,32,Зоотехник,32.0,Зоотехник,17
901,32,Зоотехник,35.0,старший лаборант,2
902,32,Зоотехник,36.0,Водитель,2
903,32,Зоотехник,40.0,Техник-проотборщик,1
904,32,Зоотехник,42.0,Старший научный сотрудник,2
905,32,Зоотехник,43.0,кладовщик,1
906,32,Зоотехник,48.0,Начальник цеха,1
907,32,Зоотехник,49.0,Бригадир,3
908,33, монтажник-слаботочник,3.0,Разнорабочий,1
909,33, монтажник-слаботочник,7.0,главный агроном,1
910,33, монтажник-слаботочник,21.0,Машинист автогрейдера 8 разряда,1
911,33, монтажник-слаботочник,24.0,Оператор с ПУ,1
912,33, монтажник-слаботочник,29.0,Механик по ремонту основного и вспомогательного  технологического оборудования,1
913,33, монтажник-слаботочник,33.0, монтажник-слаботочник,5
914,33, монтажник-слаботочник,36.0,Водитель,2
915,33, монтажник-слаботочник,40.0,Техник-проотборщик,3
916,33, монтажник-слаботочник,43.0,кладовщик,1
917,33, монтажник-слаботочник,47.0,Агроном по защите растений,1
918,33, монтажник-слаботочник,49.0,Бригадир,1
919,34,Мастер ПО,0.0,Агроном,2
920,34,Мастер ПО,1.0,Начальник технического отдела,2
921,34,Мастер ПО,3.0,Разнорабочий,4
922,34,Мастер ПО,4.0,Механик,6
923,34,Мастер ПО,7.0,главный агроном,1
924,34,Мастер ПО,9.0,Водитель-экспедитор,1
925,34,Мастер ПО,11.0, главный инженер,1
926,34,Мастер ПО,12.0,Заведующий,1
927,34,Мастер ПО,13.0,Менеджер по продажам,2
928,34,Мастер ПО,14.0,Продавец-консультант,1
929,34,Мастер ПО,15.0,Начальник автохозяйства,4
930,34,Мастер ПО,20.0,Руководитель ,2
931,34,Мастер ПО,21.0,Машинист автогрейдера 8 разряда,2
932,34,Мастер ПО,23.0,Агроном консультант - менеджер ,1
933,34,Мастер ПО,24.0,Оператор с ПУ,4
934,34,Мастер ПО,25.0,Механизатор,1
935,34,Мастер ПО,26.0, начальник пищевого производства,1
936,34,Мастер ПО,27.0,Технолог,6
937,34,Мастер ПО,29.0,Механик по ремонту основного и вспомогательного  технологического оборудования,1
938,34,Мастер ПО,31.0,Начальник участка,3
939,34,Мастер ПО,34.0,Мастер ПО,5
940,34,Мастер ПО,35.0,старший лаборант,4
941,34,Мастер ПО,36.0,Водитель,2
942,34,Мастер ПО,37.0,Специалист по ТО,2
943,34,Мастер ПО,39.0,Рабочий,2
944,34,Мастер ПО,40.0,Техник-проотборщик,1
945,34,Мастер ПО,42.0,Старший научный сотрудник,1
946,34,Мастер ПО,45.0,Инженер-механик,6
947,34,Мастер ПО,49.0,Бригадир,1
948,35,старший лаборант,0.0,Агроном,5
949,35,старший лаборант,1.0,Начальник технического отдела,1
950,35,старший лаборант,2.0, зам. директора,1
951,35,старший лаборант,3.0,Разнорабочий,10
952,35,старший лаборант,5.0,Ветеринарный врач,9
953,35,старший лаборант,7.0,главный агроном,1
954,35,старший лаборант,10.0,Директор,2
955,35,старший лаборант,11.0, главный инженер,1
956,35,старший лаборант,12.0,Заведующий,1
957,35,старший лаборант,13.0,Менеджер по продажам,4
958,35,старший лаборант,14.0,Продавец-консультант,2
959,35,старший лаборант,15.0,Начальник автохозяйства,2
960,35,старший лаборант,19.0,Тракторист-машинист,5
961,35,старший лаборант,21.0,Машинист автогрейдера 8 разряда,2
962,35,старший лаборант,23.0,Агроном консультант - менеджер ,3
963,35,старший лаборант,26.0, начальник пищевого производства,1
964,35,старший лаборант,27.0,Технолог,1
965,35,старший лаборант,28.0, с 24.12.19 - Инженер по эксплуатации транспорта,1
966,35,старший лаборант,30.0,главный специалист государственного технического надзора,4
967,35,старший лаборант,32.0,Зоотехник,1
968,35,старший лаборант,35.0,старший лаборант,14
969,35,старший лаборант,36.0,Водитель,1
970,35,старший лаборант,37.0,Специалист по ТО,2
971,35,старший лаборант,38.0,Мастер участка,1
972,35,старший лаборант,39.0,Рабочий,2
973,35,старший лаборант,40.0,Техник-проотборщик,1
974,35,старший лаборант,42.0,Старший научный сотрудник,2
975,35,старший лаборант,43.0,кладовщик,1
976,35,старший лаборант,45.0,Инженер-механик,1
977,35,старший лаборант,47.0,Агроном по защите растений,2
978,35,старший лаборант,49.0,Бригадир,1
979,36,Водитель,1.0,Начальник технического отдела,1
980,36,Водитель,3.0,Разнорабочий,14
981,36,Водитель,4.0,Механик,1
982,36,Водитель,8.0,Наладчик оборудования цеха розлива-Механик цеха-Главный инженер,1
983,36,Водитель,9.0,Водитель-экспедитор,9
984,36,Водитель,11.0, главный инженер,2
985,36,Водитель,12.0,Заведующий,2
986,36,Водитель,13.0,Менеджер по продажам,3
987,36,Водитель,15.0,Начальник автохозяйства,1
988,36,Водитель,19.0,Тракторист-машинист,8
989,36,Водитель,22.0,торговый представитель,1
990,36,Водитель,23.0,Агроном консультант - менеджер ,1
991,36,Водитель,24.0,Оператор с ПУ,1
992,36,Водитель,25.0,Механизатор,1
993,36,Водитель,26.0, начальник пищевого производства,1
994,36,Водитель,27.0,Технолог,1
995,36,Водитель,28.0, с 24.12.19 - Инженер по эксплуатации транспорта,2
996,36,Водитель,29.0,Механик по ремонту основного и вспомогательного  технологического оборудования,2
997,36,Водитель,31.0,Начальник участка,1
998,36,Водитель,32.0,Зоотехник,1
999,36,Водитель,33.0, монтажник-слаботочник,1
1000,36,Водитель,34.0,Мастер ПО,5
1001,36,Водитель,35.0,старший лаборант,7
1002,36,Водитель,36.0,Водитель,32
1003,36,Водитель,39.0,Рабочий,5
1004,36,Водитель,41.0,Электрик,1
1005,36,Водитель,43.0,кладовщик,2
1006,36,Водитель,44.0,вет. врач,1
1007,36,Водитель,45.0,Инженер-механик,4
1008,36,Водитель,46.0,Машинист фронтального погрузчика,1
1009,37,Специалист по ТО,0.0,Агроном,6
1010,37,Специалист по ТО,1.0,Начальник технического отдела,4
1011,37,Специалист по ТО,3.0,Разнорабочий,5
1012,37,Специалист по ТО,4.0,Механик,3
1013,37,Специалист по ТО,5.0,Ветеринарный врач,8
1014,37,Специалист по ТО,6.0,Управляющий,2
1015,37,Специалист по ТО,7.0,главный агроном,2
1016,37,Специалист по ТО,8.0,Наладчик оборудования цеха розлива-Механик цеха-Главный инженер,3
1017,37,Специалист по ТО,10.0,Директор,5
1018,37,Специалист по ТО,11.0, главный инженер,2
1019,37,Специалист по ТО,12.0,Заведующий,1
1020,37,Специалист по ТО,13.0,Менеджер по продажам,6
1021,37,Специалист по ТО,14.0,Продавец-консультант,2
1022,37,Специалист по ТО,15.0,Начальник автохозяйства,4
1023,37,Специалист по ТО,16.0,Главный технолог,1
1024,37,Специалист по ТО,17.0,Гл.Агроном,1
1025,37,Специалист по ТО,18.0,Сервисный инженер,2
1026,37,Специалист по ТО,20.0,Руководитель ,2
1027,37,Специалист по ТО,23.0,Агроном консультант - менеджер ,4
1028,37,Специалист по ТО,24.0,Оператор с ПУ,2
1029,37,Специалист по ТО,26.0, начальник пищевого производства,2
1030,37,Специалист по ТО,27.0,Технолог,1
1031,37,Специалист по ТО,29.0,Механик по ремонту основного и вспомогательного  технологического оборудования,1
1032,37,Специалист по ТО,30.0,главный специалист государственного технического надзора,3
1033,37,Специалист по ТО,31.0,Начальник участка,1
1034,37,Специалист по ТО,32.0,Зоотехник,2
1035,37,Специалист по ТО,34.0,Мастер ПО,1
1036,37,Специалист по ТО,35.0,старший лаборант,4
1037,37,Специалист по ТО,37.0,Специалист по ТО,12
1038,37,Специалист по ТО,40.0,Техник-проотборщик,2
1039,37,Специалист по ТО,42.0,Старший научный сотрудник,3
1040,37,Специалист по ТО,45.0,Инженер-механик,4
1041,37,Специалист по ТО,46.0,Машинист фронтального погрузчика,1
1042,37,Специалист по ТО,47.0,Агроном по защите растений,1
1043,37,Специалист по ТО,48.0,Начальник цеха,1
1044,38,Мастер участка,1.0,Начальник технического отдела,2
1045,38,Мастер участка,4.0,Механик,2
1046,38,Мастер участка,7.0,главный агроном,1
1047,38,Мастер участка,10.0,Директор,1
1048,38,Мастер участка,11.0, главный инженер,1
1049,38,Мастер участка,12.0,Заведующий,2
1050,38,Мастер участка,13.0,Менеджер по продажам,1
1051,38,Мастер участка,20.0,Руководитель ,1
1052,38,Мастер участка,23.0,Агроном консультант - менеджер ,1
1053,38,Мастер участка,26.0, начальник пищевого производства,1
1054,38,Мастер участка,27.0,Технолог,1
1055,38,Мастер участка,29.0,Механик по ремонту основного и вспомогательного  технологического оборудования,5
1056,38,Мастер участка,31.0,Начальник участка,2
1057,38,Мастер участка,34.0,Мастер ПО,3
1058,38,Мастер участка,38.0,Мастер участка,7
1059,38,Мастер участка,39.0,Рабочий,2
1060,38,Мастер участка,40.0,Техник-проотборщик,2
1061,38,Мастер участка,45.0,Инженер-механик,1
1062,38,Мастер участка,46.0,Машинист фронтального погрузчика,1
1063,39,Рабочий,0.0,Агроном,2
1064,39,Рабочий,3.0,Разнорабочий,8
1065,39,Рабочий,4.0,Механик,1
1066,39,Рабочий,5.0,Ветеринарный врач,1
1067,39,Рабочий,6.0,Управляющий,1
1068,39,Рабочий,7.0,главный агроном,1
1069,39,Рабочий,8.0,Наладчик оборудования цеха розлива-Механик цеха-Главный инженер,1
1070,39,Рабочий,11.0, главный инженер,1
1071,39,Рабочий,12.0,Заведующий,2
1072,39,Рабочий,14.0,Продавец-консультант,1
1073,39,Рабочий,15.0,Начальник автохозяйства,1
1074,39,Рабочий,19.0,Тракторист-машинист,1
1075,39,Рабочий,24.0,Оператор с ПУ,1
1076,39,Рабочий,25.0,Механизатор,1
1077,39,Рабочий,27.0,Технолог,1
1078,39,Рабочий,29.0,Механик по ремонту основного и вспомогательного  технологического оборудования,2
1079,39,Рабочий,30.0,главный специалист государственного технического надзора,1
1080,39,Рабочий,34.0,Мастер ПО,1
1081,39,Рабочий,35.0,старший лаборант,3
1082,39,Рабочий,36.0,Водитель,3
1083,39,Рабочий,38.0,Мастер участка,1
1084,39,Рабочий,39.0,Рабочий,1
1085,39,Рабочий,40.0,Техник-проотборщик,1
1086,39,Рабочий,43.0,кладовщик,1
1087,39,Рабочий,45.0,Инженер-механик,1
1088,39,Рабочий,49.0,Бригадир,2
1089,40,Техник-проотборщик,0.0,Агроном,2
1090,40,Техник-проотборщик,1.0,Начальник технического отдела,1
1091,40,Техник-проотборщик,2.0, зам. директора,1
1092,40,Техник-проотборщик,3.0,Разнорабочий,6
1093,40,Техник-проотборщик,4.0,Механик,3
1094,40,Техник-проотборщик,5.0,Ветеринарный врач,1
1095,40,Техник-проотборщик,8.0,Наладчик оборудования цеха розлива-Механик цеха-Главный инженер,1
1096,40,Техник-проотборщик,10.0,Директор,1
1097,40,Техник-проотборщик,11.0, главный инженер,1
1098,40,Техник-проотборщик,12.0,Заведующий,2
1099,40,Техник-проотборщик,13.0,Менеджер по продажам,1
1100,40,Техник-проотборщик,15.0,Начальник автохозяйства,1
1101,40,Техник-проотборщик,18.0,Сервисный инженер,1
1102,40,Техник-проотборщик,21.0,Машинист автогрейдера 8 разряда,2
1103,40,Техник-проотборщик,24.0,Оператор с ПУ,1
1104,40,Техник-проотборщик,27.0,Технолог,2
1105,40,Техник-проотборщик,28.0, с 24.12.19 - Инженер по эксплуатации транспорта,1
1106,40,Техник-проотборщик,29.0,Механик по ремонту основного и вспомогательного  технологического оборудования,1
1107,40,Техник-проотборщик,30.0,главный специалист государственного технического надзора,1
1108,40,Техник-проотборщик,31.0,Начальник участка,3
1109,40,Техник-проотборщик,32.0,Зоотехник,1
1110,40,Техник-проотборщик,34.0,Мастер ПО,2
1111,40,Техник-проотборщик,36.0,Водитель,2
1112,40,Техник-проотборщик,39.0,Рабочий,3
1113,40,Техник-проотборщик,40.0,Техник-проотборщик,5
1114,40,Техник-проотборщик,41.0,Электрик,1
1115,40,Техник-проотборщик,43.0,кладовщик,1
1116,40,Техник-проотборщик,45.0,Инженер-механик,4
1117,40,Техник-проотборщик,48.0,Начальник цеха,1
1118,41,Электрик,0.0,Агроном,1
1119,41,Электрик,3.0,Разнорабочий,2
1120,41,Электрик,4.0,Механик,1
1121,41,Электрик,23.0,Агроном консультант - менеджер ,1
1122,41,Электрик,33.0, монтажник-слаботочник,1
1123,41,Электрик,36.0,Водитель,1
1124,41,Электрик,39.0,Рабочий,2
1125,41,Электрик,41.0,Электрик,2
1126,41,Электрик,45.0,Инженер-механик,1
1127,42,Старший научный сотрудник,0.0,Агроном,1
1128,42,Старший научный сотрудник,3.0,Разнорабочий,3
1129,42,Старший научный сотрудник,4.0,Механик,1
1130,42,Старший научный сотрудник,5.0,Ветеринарный врач,4
1131,42,Старший научный сотрудник,7.0,главный агроном,2
1132,42,Старший научный сотрудник,8.0,Наладчик оборудования цеха розлива-Механик цеха-Главный инженер,1
1133,42,Старший научный сотрудник,10.0,Директор,5
1134,42,Старший научный сотрудник,12.0,Заведующий,1
1135,42,Старший научный сотрудник,13.0,Менеджер по продажам,1
1136,42,Старший научный сотрудник,14.0,Продавец-консультант,1
1137,42,Старший научный сотрудник,15.0,Начальник автохозяйства,1
1138,42,Старший научный сотрудник,17.0,Гл.Агроном,1
1139,42,Старший научный сотрудник,20.0,Руководитель ,1
1140,42,Старший научный сотрудник,22.0,торговый представитель,1
1141,42,Старший научный сотрудник,23.0,Агроном консультант - менеджер ,2
1142,42,Старший научный сотрудник,26.0, начальник пищевого производства,2
1143,42,Старший научный сотрудник,30.0,главный специалист государственного технического надзора,2
1144,42,Старший научный сотрудник,33.0, монтажник-слаботочник,1
1145,42,Старший научный сотрудник,34.0,Мастер ПО,1
1146,42,Старший научный сотрудник,35.0,старший лаборант,1
1147,42,Старший научный сотрудник,36.0,Водитель,1
1148,42,Старший научный сотрудник,37.0,Специалист по ТО,3
1149,42,Старший научный сотрудник,38.0,Мастер участка,1
1150,42,Старший научный сотрудник,42.0,Старший научный сотрудник,9
1151,42,Старший научный сотрудник,45.0,Инженер-механик,3
1152,42,Старший научный сотрудник,49.0,Бригадир,1
1153,43,кладовщик,1.0,Начальник технического отдела,1
1154,43,кладовщик,3.0,Разнорабочий,6
1155,43,кладовщик,5.0,Ветеринарный врач,1
1156,43,кладовщик,9.0,Водитель-экспедитор,1
1157,43,кладовщик,13.0,Менеджер по продажам,1
1158,43,кладовщик,14.0,Продавец-консультант,1
1159,43,кладовщик,15.0,Начальник автохозяйства,1
1160,43,кладовщик,21.0,Машинист автогрейдера 8 разряда,1
1161,43,кладовщик,24.0,Оператор с ПУ,2
1162,43,кладовщик,30.0,главный специалист государственного технического надзора,1
1163,43,кладовщик,32.0,Зоотехник,1
1164,43,кладовщик,33.0, монтажник-слаботочник,1
1165,43,кладовщик,35.0,старший лаборант,1
1166,43,кладовщик,36.0,Водитель,1
1167,43,кладовщик,38.0,Мастер участка,2
1168,43,кладовщик,40.0,Техник-проотборщик,1
1169,43,кладовщик,43.0,кладовщик,2
1170,44,вет. врач,3.0,Разнорабочий,1
1171,44,вет. врач,5.0,Ветеринарный врач,5
1172,44,вет. врач,44.0,вет. врач,2
1173,45,Инженер-механик,1.0,Начальник технического отдела,2
1174,45,Инженер-механик,2.0, зам. директора,3
1175,45,Инженер-механик,3.0,Разнорабочий,12
1176,45,Инженер-механик,4.0,Механик,11
1177,45,Инженер-механик,6.0,Управляющий,2
1178,45,Инженер-механик,8.0,Наладчик оборудования цеха розлива-Механик цеха-Главный инженер,1
1179,45,Инженер-механик,9.0,Водитель-экспедитор,1
1180,45,Инженер-механик,10.0,Директор,1
1181,45,Инженер-механик,11.0, главный инженер,8
1182,45,Инженер-механик,12.0,Заведующий,2
1183,45,Инженер-механик,13.0,Менеджер по продажам,1
1184,45,Инженер-механик,14.0,Продавец-консультант,1
1185,45,Инженер-механик,15.0,Начальник автохозяйства,1
1186,45,Инженер-механик,16.0,Главный технолог,2
1187,45,Инженер-механик,18.0,Сервисный инженер,8
1188,45,Инженер-механик,19.0,Тракторист-машинист,1
1189,45,Инженер-механик,21.0,Машинист автогрейдера 8 разряда,2
1190,45,Инженер-механик,22.0,торговый представитель,2
1191,45,Инженер-механик,23.0,Агроном консультант - менеджер ,3
1192,45,Инженер-механик,24.0,Оператор с ПУ,1
1193,45,Инженер-механик,26.0, начальник пищевого производства,2
1194,45,Инженер-механик,27.0,Технолог,1
1195,45,Инженер-механик,28.0, с 24.12.19 - Инженер по эксплуатации транспорта,7
1196,45,Инженер-механик,29.0,Механик по ремонту основного и вспомогательного  технологического оборудования,2
1197,45,Инженер-механик,30.0,главный специалист государственного технического надзора,8
1198,45,Инженер-механик,33.0, монтажник-слаботочник,1
1199,45,Инженер-механик,34.0,Мастер ПО,3
1200,45,Инженер-механик,35.0,старший лаборант,1
1201,45,Инженер-механик,36.0,Водитель,4
1202,45,Инженер-механик,37.0,Специалист по ТО,4
1203,45,Инженер-механик,38.0,Мастер участка,2
1204,45,Инженер-механик,39.0,Рабочий,1
1205,45,Инженер-механик,40.0,Техник-проотборщик,6
1206,45,Инженер-механик,42.0,Старший научный сотрудник,2
1207,45,Инженер-механик,45.0,Инженер-механик,21
1208,45,Инженер-механик,46.0,Машинист фронтального погрузчика,1
1209,45,Инженер-механик,49.0,Бригадир,2
1210,46,Машинист фронтального погрузчика,3.0,Разнорабочий,1
1211,46,Машинист фронтального погрузчика,4.0,Механик,1
1212,46,Машинист фронтального погрузчика,19.0,Тракторист-машинист,10
1213,46,Машинист фронтального погрузчика,25.0,Механизатор,2
1214,46,Машинист фронтального погрузчика,34.0,Мастер ПО,1
1215,46,Машинист фронтального погрузчика,36.0,Водитель,4
1216,46,Машинист фронтального погрузчика,46.0,Машинист фронтального погрузчика,5
1217,47,Агроном по защите растений,0.0,Агроном,7
1218,47,Агроном по защите растений,3.0,Разнорабочий,2
1219,47,Агроном по защите растений,7.0,главный агроном,2
1220,47,Агроном по защите растений,12.0,Заведующий,2
1221,47,Агроном по защите растений,14.0,Продавец-консультант,1
1222,47,Агроном по защите растений,23.0,Агроном консультант - менеджер ,1
1223,47,Агроном по защите растений,27.0,Технолог,1
1224,47,Агроном по защите растений,30.0,главный специалист государственного технического надзора,1
1225,47,Агроном по защите растений,35.0,старший лаборант,1
1226,47,Агроном по защите растений,37.0,Специалист по ТО,1
1227,47,Агроном по защите растений,42.0,Старший научный сотрудник,1
1228,47,Агроном по защите растений,47.0,Агроном по защите растений,2
1229,47,Агроном по защите растений,49.0,Бригадир,1
1230,48,Начальник цеха,0.0,Агроном,1
1231,48,Начальник цеха,1.0,Начальник технического отдела,1
1232,48,Начальник цеха,3.0,Разнорабочий,1
1233,48,Начальник цеха,4.0,Механик,1
1234,48,Начальник цеха,8.0,Наладчик оборудования цеха розлива-Механик цеха-Главный инженер,2
1235,48,Начальник цеха,12.0,Заведующий,1
1236,48,Начальник цеха,15.0,Начальник автохозяйства,1
1237,48,Начальник цеха,26.0, начальник пищевого производства,1
1238,48,Начальник цеха,27.0,Технолог,1
1239,48,Начальник цеха,29.0,Механик по ремонту основного и вспомогательного  технологического оборудования,1
1240,48,Начальник цеха,30.0,главный специалист государственного технического надзора,1
1241,48,Начальник цеха,32.0,Зоотехник,2
1242,48,Начальник цеха,34.0,Мастер ПО,4
1243,48,Начальник цеха,35.0,старший лаборант,1
1244,48,Начальник цеха,36.0,Водитель,1
1245,48,Начальник цеха,48.0,Начальник цеха,2
1246,49,Бригадир,0.0,Агроном,4
1247,49,Бригадир,1.0,Начальник технического отдела,1
1248,49,Бригадир,3.0,Разнорабочий,3
1249,49,Бригадир,5.0,Ветеринарный врач,2
1250,49,Бригадир,6.0,Управляющий,2
1251,49,Бригадир,12.0,Заведующий,1
1252,49,Бригадир,14.0,Продавец-консультант,1
1253,49,Бригадир,28.0, с 24.12.19 - Инженер по эксплуатации транспорта,1
1254,49,Бригадир,31.0,Начальник участка,2
1255,49,Бригадир,32.0,Зоотехник,1
1256,49,Бригадир,33.0, монтажник-слаботочник,1
1257,49,Бригадир,34.0,Мастер ПО,2
1258,49,Бригадир,35.0,старший лаборант,1
1259,49,Бригадир,37.0,Специалист по ТО,1
1260,49,Бригадир,39.0,Рабочий,1
1261,49,Бригадир,40.0,Техник-проотборщик,2
1262,49,Бригадир,47.0,Агроном по защите растений,3
1263,49,Бригадир,49.0,Бригадир,5
